,name,description,date_created,last_push,language,fork_count,private,archived,url,forks_url
0,eHealthAfrica/kivy,"Open source software library for creating NUI applications, running on Windows, Linux, MacOSX, Android",2013-11-26 00:14:21,2014-03-24 04:49:28,Python,1,False,False,https://github.com/eHealthAfrica/kivy,https://api.github.com/repos/eHealthAfrica/kivy/forks
1,eHealthAfrica/python-for-android,Turn your python application to an Android APK - Build your own python and extension,2013-11-26 15:29:16,2014-01-11 10:21:27,C,2,False,False,https://github.com/eHealthAfrica/python-for-android,https://api.github.com/repos/eHealthAfrica/python-for-android/forks
2,eHealthAfrica/buildozer,Generic Python packager for Android / iOS and Desktop,2013-11-26 15:38:40,2013-11-26 15:44:28,Python,1,False,False,https://github.com/eHealthAfrica/buildozer,https://api.github.com/repos/eHealthAfrica/buildozer/forks
3,eHealthAfrica/LMIS,,2013-12-20 10:08:27,2014-03-06 03:39:13,JavaScript,2,False,False,https://github.com/eHealthAfrica/LMIS,https://api.github.com/repos/eHealthAfrica/LMIS/forks
4,eHealthAfrica/LMIS-Chrome,User centered medical supply management,2013-12-20 12:47:29,2015-09-28 13:06:17,JavaScript,8,False,False,https://github.com/eHealthAfrica/LMIS-Chrome,https://api.github.com/repos/eHealthAfrica/LMIS-Chrome/forks
5,eHealthAfrica/onadata,"Collect, Analyze and Share",2014-02-24 14:47:31,2014-03-08 16:21:46,Python,2,False,False,https://github.com/eHealthAfrica/onadata,https://api.github.com/repos/eHealthAfrica/onadata/forks
6,eHealthAfrica/formhub,Mobile Data Collection made easy.,2014-03-27 13:05:35,2015-11-26 11:31:48,Python,5,False,False,https://github.com/eHealthAfrica/formhub,https://api.github.com/repos/eHealthAfrica/formhub/forks
7,eHealthAfrica/SMART2-Dashboard,Lightweight dashboard for SMART2 database views,2014-04-15 08:54:39,2015-09-28 13:21:54,JavaScript,2,False,False,https://github.com/eHealthAfrica/SMART2-Dashboard,https://api.github.com/repos/eHealthAfrica/SMART2-Dashboard/forks
8,eHealthAfrica/angularjs-nvd3-directives,Angular.js directives for nvd3.js,2014-05-14 15:47:49,2014-05-19 08:48:08,JavaScript,2,False,False,https://github.com/eHealthAfrica/angularjs-nvd3-directives,https://api.github.com/repos/eHealthAfrica/angularjs-nvd3-directives/forks
9,eHealthAfrica/dispatch,LoMIS Offline SMS Sync Service,2014-05-24 15:23:17,2015-08-24 10:22:58,JavaScript,2,False,False,https://github.com/eHealthAfrica/dispatch,https://api.github.com/repos/eHealthAfrica/dispatch/forks
10,eHealthAfrica/voltmonitor,,2014-06-05 08:31:06,2015-09-29 12:46:08,Python,1,False,False,https://github.com/eHealthAfrica/voltmonitor,https://api.github.com/repos/eHealthAfrica/voltmonitor/forks
11,eHealthAfrica/rapidsms_tut,The RapidSMS tutorial -- mostly put here to use for practice and experimentation.,2014-07-15 09:29:05,2015-09-28 13:20:44,Python,1,False,False,https://github.com/eHealthAfrica/rapidsms_tut,https://api.github.com/repos/eHealthAfrica/rapidsms_tut/forks
12,eHealthAfrica/rapidsms_textit,RapidSMS backend for receiving messages from http://text.it,2014-07-23 10:30:48,2014-09-23 17:32:26,Python,1,False,False,https://github.com/eHealthAfrica/rapidsms_textit,https://api.github.com/repos/eHealthAfrica/rapidsms_textit/forks
13,eHealthAfrica/api-specs,,2014-07-30 09:36:44,2015-09-29 10:17:24,,1,False,False,https://github.com/eHealthAfrica/api-specs,https://api.github.com/repos/eHealthAfrica/api-specs/forks
14,eHealthAfrica/eHealthAfrica.github.io,The GHI eHealth Africa website,2014-08-02 10:55:14,2016-11-23 11:36:37,CSS,3,False,False,https://github.com/eHealthAfrica/eHealthAfrica.github.io,https://api.github.com/repos/eHealthAfrica/eHealthAfrica.github.io/forks
15,eHealthAfrica/ehealth-tools,Cross-project toolkit,2014-08-05 15:01:34,2014-08-06 09:49:03,Python,1,False,False,https://github.com/eHealthAfrica/ehealth-tools,https://api.github.com/repos/eHealthAfrica/ehealth-tools/forks
16,eHealthAfrica/formhub-sms-webhook,A webhook for formhub that quest sms to be sent if certain parameters in a form are set,2014-08-05 15:38:52,2015-09-28 13:01:31,Python,2,False,False,https://github.com/eHealthAfrica/formhub-sms-webhook,https://api.github.com/repos/eHealthAfrica/formhub-sms-webhook/forks
17,eHealthAfrica/swiss-knife,The platform that a driver needs on the go.,2014-08-08 13:39:42,2015-09-28 16:18:12,JavaScript,1,False,False,https://github.com/eHealthAfrica/swiss-knife,https://api.github.com/repos/eHealthAfrica/swiss-knife/forks
18,eHealthAfrica/swiss-knife-mobile,,2014-08-08 20:58:54,2015-09-28 13:22:31,JavaScript,1,False,False,https://github.com/eHealthAfrica/swiss-knife-mobile,https://api.github.com/repos/eHealthAfrica/swiss-knife-mobile/forks
19,eHealthAfrica/rapidsms-decisiontree-app,,2014-08-09 14:27:29,2015-09-28 13:20:54,Python,1,False,False,https://github.com/eHealthAfrica/rapidsms-decisiontree-app,https://api.github.com/repos/eHealthAfrica/rapidsms-decisiontree-app/forks
20,eHealthAfrica/dev-track,A simple django demonstration project -- collects software developer's password salts and private keys.,2014-08-12 12:34:27,2014-08-15 19:18:53,Python,0,False,False,https://github.com/eHealthAfrica/dev-track,https://api.github.com/repos/eHealthAfrica/dev-track/forks
21,eHealthAfrica/salt_demo,A basic SaltStack for headless installation of a demo django project.,2014-08-12 17:12:43,2014-08-16 15:06:30,Scheme,0,False,False,https://github.com/eHealthAfrica/salt_demo,https://api.github.com/repos/eHealthAfrica/salt_demo/forks
22,eHealthAfrica/demo-app,"This is a skeleton with only a ""Hello World"" screen -- to use as a template for SaltStack LEPP deployment.",2014-08-15 19:44:30,2014-08-16 13:24:36,Python,0,False,False,https://github.com/eHealthAfrica/demo-app,https://api.github.com/repos/eHealthAfrica/demo-app/forks
23,eHealthAfrica/sense-dispatch,Notification service for eHealth Sense,2014-08-19 12:16:29,2015-09-23 17:17:31,JavaScript,1,False,False,https://github.com/eHealthAfrica/sense-dispatch,https://api.github.com/repos/eHealthAfrica/sense-dispatch/forks
24,eHealthAfrica/mssql-to-couchdb-sync,,2014-09-16 08:54:14,2014-10-03 15:48:26,JavaScript,0,False,False,https://github.com/eHealthAfrica/mssql-to-couchdb-sync,https://api.github.com/repos/eHealthAfrica/mssql-to-couchdb-sync/forks
25,eHealthAfrica/ehealth-couch-auth,Bower module for couch authentication,2014-09-24 11:30:38,2015-09-29 10:16:47,JavaScript,3,False,False,https://github.com/eHealthAfrica/ehealth-couch-auth,https://api.github.com/repos/eHealthAfrica/ehealth-couch-auth/forks
26,eHealthAfrica/rapidsms,Build SMS applications with Python,2014-09-24 13:30:18,2014-09-29 11:12:47,Python,2,False,False,https://github.com/eHealthAfrica/rapidsms,https://api.github.com/repos/eHealthAfrica/rapidsms/forks
27,eHealthAfrica/ehealth-couch-sync,Sync couchdb and pouchdb,2014-10-10 15:08:23,2015-09-28 12:58:17,JavaScript,3,False,False,https://github.com/eHealthAfrica/ehealth-couch-sync,https://api.github.com/repos/eHealthAfrica/ehealth-couch-sync/forks
28,eHealthAfrica/locations,"JSON files listing locations in Sierra Leone, Liberia, Guinea and Mali",2014-10-20 14:23:58,2018-05-08 09:48:04,JavaScript,9,False,False,https://github.com/eHealthAfrica/locations,https://api.github.com/repos/eHealthAfrica/locations/forks
29,eHealthAfrica/ehealth-glossary-app,Simple offline-capable app for the eHealth glossary,2014-10-28 08:27:58,2015-10-20 14:32:45,JavaScript,2,False,False,https://github.com/eHealthAfrica/ehealth-glossary-app,https://api.github.com/repos/eHealthAfrica/ehealth-glossary-app/forks
30,eHealthAfrica/lomis-openlmis-link,LoMIS client for accessing OpenLMIS web service,2014-10-28 10:13:47,2014-11-04 12:58:07,JavaScript,1,False,False,https://github.com/eHealthAfrica/lomis-openlmis-link,https://api.github.com/repos/eHealthAfrica/lomis-openlmis-link/forks
31,eHealthAfrica/lomis-reminder,"A Cron Job script for sending reminders for events/actions that are due (stock count, etc).",2014-11-11 10:43:56,2014-11-24 10:15:36,JavaScript,1,False,False,https://github.com/eHealthAfrica/lomis-reminder,https://api.github.com/repos/eHealthAfrica/lomis-reminder/forks
32,eHealthAfrica/couchdb-users-importer-exporter,Import/export CouchDB users,2014-12-08 11:08:08,2016-04-19 14:47:19,JavaScript,2,False,False,https://github.com/eHealthAfrica/couchdb-users-importer-exporter,https://api.github.com/repos/eHealthAfrica/couchdb-users-importer-exporter/forks
33,eHealthAfrica/symptoms,"List of symptoms in JSON format, to be shared among different components. Started within the Ebola project",2014-12-12 11:43:21,2015-07-03 14:08:17,JavaScript,5,False,False,https://github.com/eHealthAfrica/symptoms,https://api.github.com/repos/eHealthAfrica/symptoms/forks
34,eHealthAfrica/json-to-sql,A little script that parses a JSON file and pushes it into a sql server,2014-12-12 15:04:07,2014-12-12 18:16:54,Python,1,False,False,https://github.com/eHealthAfrica/json-to-sql,https://api.github.com/repos/eHealthAfrica/json-to-sql/forks
35,eHealthAfrica/angular-locations,logic to manage hierarchical administrative division data in our Angular apps,2014-12-14 11:11:52,2018-05-08 09:57:08,JavaScript,5,False,False,https://github.com/eHealthAfrica/angular-locations,https://api.github.com/repos/eHealthAfrica/angular-locations/forks
36,eHealthAfrica/couchdb-lucene,Enables full-text searching of CouchDB documents using Lucene,2014-12-19 17:24:36,2015-04-09 09:05:21,Java,1,False,False,https://github.com/eHealthAfrica/couchdb-lucene,https://api.github.com/repos/eHealthAfrica/couchdb-lucene/forks
37,eHealthAfrica/direct-delivery-dashboard,Dashboard for the direct delivery management system,2015-01-14 08:22:52,2016-03-19 12:45:06,JavaScript,7,False,False,https://github.com/eHealthAfrica/direct-delivery-dashboard,https://api.github.com/repos/eHealthAfrica/direct-delivery-dashboard/forks
38,eHealthAfrica/download-email-attachments,Download email attachments via IMAP,2015-01-15 10:52:20,2019-05-19 12:25:45,JavaScript,4,False,False,https://github.com/eHealthAfrica/download-email-attachments,https://api.github.com/repos/eHealthAfrica/download-email-attachments/forks
39,eHealthAfrica/ehealth-bootstrap,Custom theme created for unifying Bootstrap across eHealth apps,2015-01-16 11:34:30,2015-11-06 15:35:33,CSS,4,False,False,https://github.com/eHealthAfrica/ehealth-bootstrap,https://api.github.com/repos/eHealthAfrica/ehealth-bootstrap/forks
40,eHealthAfrica/angular-couch-query,Navigate results of Couch views and Lucene queries easily,2015-01-22 11:09:37,2015-04-09 12:02:41,JavaScript,3,False,False,https://github.com/eHealthAfrica/angular-couch-query,https://api.github.com/repos/eHealthAfrica/angular-couch-query/forks
41,eHealthAfrica/couchdb-ddoc-test,CouchDB Design Document Testing Tool,2015-01-28 13:39:46,2016-12-15 10:54:13,JavaScript,5,False,False,https://github.com/eHealthAfrica/couchdb-ddoc-test,https://api.github.com/repos/eHealthAfrica/couchdb-ddoc-test/forks
42,eHealthAfrica/SL-117-mapping,Inbound project,2015-02-02 18:14:33,2015-02-04 10:31:48,CSS,1,False,False,https://github.com/eHealthAfrica/SL-117-mapping,https://api.github.com/repos/eHealthAfrica/SL-117-mapping/forks
43,eHealthAfrica/bootstrap-bower,This is a bower repository to hold Angular UI Bootstrap releases.,2015-02-03 11:56:12,2015-09-28 12:46:47,JavaScript,1,False,False,https://github.com/eHealthAfrica/bootstrap-bower,https://api.github.com/repos/eHealthAfrica/bootstrap-bower/forks
44,eHealthAfrica/semantic-release,automated semver compliant package publishing,2015-02-27 14:23:16,2015-09-28 13:21:10,JavaScript,0,False,False,https://github.com/eHealthAfrica/semantic-release,https://api.github.com/repos/eHealthAfrica/semantic-release/forks
45,eHealthAfrica/generator-eha,eHealthAfrica Yeoman Generator,2015-03-03 17:02:15,2015-08-28 10:52:49,JavaScript,1,False,False,https://github.com/eHealthAfrica/generator-eha,https://api.github.com/repos/eHealthAfrica/generator-eha/forks
46,eHealthAfrica/angular-eha.back-button,A back button directive providing a simple interface to `window.history` and `$state.go()`,2015-03-03 18:14:29,2015-04-02 14:07:32,JavaScript,0,False,False,https://github.com/eHealthAfrica/angular-eha.back-button,https://api.github.com/repos/eHealthAfrica/angular-eha.back-button/forks
47,eHealthAfrica/angular-eha.autofocus,An Angular.js autofocus directive.,2015-03-03 18:56:38,2015-03-04 17:16:06,JavaScript,0,False,False,https://github.com/eHealthAfrica/angular-eha.autofocus,https://api.github.com/repos/eHealthAfrica/angular-eha.autofocus/forks
48,eHealthAfrica/angular-eha.image,An Angular.js image directive,2015-03-03 19:46:28,2015-03-19 12:48:44,JavaScript,0,False,False,https://github.com/eHealthAfrica/angular-eha.image,https://api.github.com/repos/eHealthAfrica/angular-eha.image/forks
49,eHealthAfrica/angular-eha.cordova.camera,Angular.js Interface to org.apache.cordova.camera,2015-03-03 20:27:54,2015-03-04 17:13:35,JavaScript,0,False,False,https://github.com/eHealthAfrica/angular-eha.cordova.camera,https://api.github.com/repos/eHealthAfrica/angular-eha.cordova.camera/forks
50,eHealthAfrica/angular-eha.cordova.photobooth,An Angular.js directive providing an interface to org.apache.cordova camera via angular-eha.cordova.camera,2015-03-03 20:59:11,2015-09-29 08:47:26,JavaScript,1,False,False,https://github.com/eHealthAfrica/angular-eha.cordova.photobooth,https://api.github.com/repos/eHealthAfrica/angular-eha.cordova.photobooth/forks
51,eHealthAfrica/angular-eha.capitalize,Capitalization tools (directive + filter) for Angular.js,2015-03-03 21:39:09,2015-03-06 17:10:16,JavaScript,2,False,False,https://github.com/eHealthAfrica/angular-eha.capitalize,https://api.github.com/repos/eHealthAfrica/angular-eha.capitalize/forks
52,eHealthAfrica/crosswalk,DEPRECEATED npm wrapper for installing Crosswalk,2015-03-04 13:11:39,2015-09-28 12:55:33,JavaScript,1,False,False,https://github.com/eHealthAfrica/crosswalk,https://api.github.com/repos/eHealthAfrica/crosswalk/forks
53,eHealthAfrica/angular-eha.date-of-birth-or-age,Date of birth & Age features,2015-03-09 15:34:05,2015-05-15 13:54:24,JavaScript,3,False,False,https://github.com/eHealthAfrica/angular-eha.date-of-birth-or-age,https://api.github.com/repos/eHealthAfrica/angular-eha.date-of-birth-or-age/forks
54,eHealthAfrica/data-models-deprecated,Validation for standard data models,2015-03-10 11:01:52,2016-10-06 13:50:51,JavaScript,8,False,False,https://github.com/eHealthAfrica/data-models-deprecated,https://api.github.com/repos/eHealthAfrica/data-models-deprecated/forks
55,eHealthAfrica/angular-eha.radio-buttons,Stylish radio button group,2015-03-11 12:50:20,2015-06-26 11:06:51,JavaScript,0,False,False,https://github.com/eHealthAfrica/angular-eha.radio-buttons,https://api.github.com/repos/eHealthAfrica/angular-eha.radio-buttons/forks
56,eHealthAfrica/angular-eha.couchdb-auth,Angular CouchDB Auth Wrapper,2015-03-24 11:13:22,2016-10-04 14:33:13,JavaScript,6,False,False,https://github.com/eHealthAfrica/angular-eha.couchdb-auth,https://api.github.com/repos/eHealthAfrica/angular-eha.couchdb-auth/forks
57,eHealthAfrica/hapi-couchdb-auth-bearer-plugin,Hapi CouchDB Auth Bearer Plugin,2015-03-26 10:51:49,2015-09-28 16:53:45,JavaScript,2,False,False,https://github.com/eHealthAfrica/hapi-couchdb-auth-bearer-plugin,https://api.github.com/repos/eHealthAfrica/hapi-couchdb-auth-bearer-plugin/forks
58,eHealthAfrica/angular-eha.vaccine-versions,converting different document versions for the vaccine trial apps,2015-04-02 08:54:44,2015-04-08 10:50:30,JavaScript,0,False,False,https://github.com/eHealthAfrica/angular-eha.vaccine-versions,https://api.github.com/repos/eHealthAfrica/angular-eha.vaccine-versions/forks
59,eHealthAfrica/elasticsearch-rake-tasks,a collection of useful tasks to support a lean elasticsearch development workflow,2015-04-10 07:54:37,2015-04-13 16:21:37,Ruby,1,False,False,https://github.com/eHealthAfrica/elasticsearch-rake-tasks,https://api.github.com/repos/eHealthAfrica/elasticsearch-rake-tasks/forks
60,eHealthAfrica/angular-eha.retriable,Wrapper logic to attempt to re-establish login session before running workflow,2015-04-16 14:19:01,2015-06-23 10:39:04,JavaScript,0,False,False,https://github.com/eHealthAfrica/angular-eha.retriable,https://api.github.com/repos/eHealthAfrica/angular-eha.retriable/forks
61,eHealthAfrica/angular-eha.login-service,Login service to handle CouchDB authentication,2015-04-19 16:04:29,2015-10-10 12:31:36,JavaScript,2,False,False,https://github.com/eHealthAfrica/angular-eha.login-service,https://api.github.com/repos/eHealthAfrica/angular-eha.login-service/forks
62,eHealthAfrica/angular-eha.focus-on-invalid,"on form submit, focus the first invalid input",2015-04-20 09:26:00,2015-04-21 12:57:04,JavaScript,1,False,False,https://github.com/eHealthAfrica/angular-eha.focus-on-invalid,https://api.github.com/repos/eHealthAfrica/angular-eha.focus-on-invalid/forks
63,eHealthAfrica/DataTables-Responsive,"Responsive extension for DataTables, providing support for complex tables on all device screen sizes",2015-04-20 15:35:40,2015-04-21 16:51:08,JavaScript,1,False,False,https://github.com/eHealthAfrica/DataTables-Responsive,https://api.github.com/repos/eHealthAfrica/DataTables-Responsive/forks
64,eHealthAfrica/angular-eha.queueable,"Takes a function, which must return a promise, and queues it. While the result from the first call is in the works, any subsequent calls will be queued",2015-04-23 09:20:10,2015-04-23 09:26:16,JavaScript,0,False,False,https://github.com/eHealthAfrica/angular-eha.queueable,https://api.github.com/repos/eHealthAfrica/angular-eha.queueable/forks
65,eHealthAfrica/nutsurv,,2015-04-27 10:32:34,2016-02-16 15:41:21,Python,2,False,False,https://github.com/eHealthAfrica/nutsurv,https://api.github.com/repos/eHealthAfrica/nutsurv/forks
66,eHealthAfrica/pouchdb-migrate,PouchDB plugin for running migrations.,2015-05-04 15:01:34,2018-02-11 08:36:30,JavaScript,10,False,False,https://github.com/eHealthAfrica/pouchdb-migrate,https://api.github.com/repos/eHealthAfrica/pouchdb-migrate/forks
67,eHealthAfrica/qsl.js,QSL parser,2015-05-09 21:31:01,2015-05-13 13:29:10,JavaScript,0,False,False,https://github.com/eHealthAfrica/qsl.js,https://api.github.com/repos/eHealthAfrica/qsl.js/forks
68,eHealthAfrica/qsl.js-bower,Bower package for qsl.js,2015-05-09 22:19:18,2015-05-13 13:30:05,JavaScript,1,False,False,https://github.com/eHealthAfrica/qsl.js-bower,https://api.github.com/repos/eHealthAfrica/qsl.js-bower/forks
69,eHealthAfrica/pouchdb-authentication,User authentication plugin for PouchDB and CouchDB.,2015-05-11 11:05:25,2015-09-28 13:15:00,JavaScript,1,False,False,https://github.com/eHealthAfrica/pouchdb-authentication,https://api.github.com/repos/eHealthAfrica/pouchdb-authentication/forks
70,eHealthAfrica/lomis-kc-facilities-api,,2015-05-12 10:15:42,2015-09-28 13:08:26,,1,False,False,https://github.com/eHealthAfrica/lomis-kc-facilities-api,https://api.github.com/repos/eHealthAfrica/lomis-kc-facilities-api/forks
71,eHealthAfrica/extract-source-cases-migration,Extract inlined source case information into dedicated person documents,2015-05-15 08:53:01,2015-06-23 13:39:12,JavaScript,0,False,False,https://github.com/eHealthAfrica/extract-source-cases-migration,https://api.github.com/repos/eHealthAfrica/extract-source-cases-migration/forks
72,eHealthAfrica/docuri,Rich document ids for CouchDB,2015-05-18 10:00:48,2015-09-28 12:56:57,JavaScript,1,False,False,https://github.com/eHealthAfrica/docuri,https://api.github.com/repos/eHealthAfrica/docuri/forks
73,eHealthAfrica/angular-eha.online-badge,An online/offline indicator badge,2015-05-18 15:43:37,2015-05-18 22:41:21,JavaScript,0,False,False,https://github.com/eHealthAfrica/angular-eha.online-badge,https://api.github.com/repos/eHealthAfrica/angular-eha.online-badge/forks
74,eHealthAfrica/angular-eha.online-badge-bower,Bower repo for eha.online-badge,2015-05-18 22:05:28,2015-05-18 22:39:38,JavaScript,0,False,False,https://github.com/eHealthAfrica/angular-eha.online-badge-bower,https://api.github.com/repos/eHealthAfrica/angular-eha.online-badge-bower/forks
75,eHealthAfrica/ehealth-angular,Dashboard for eHealth Africa's Angular components,2015-05-19 00:03:30,2015-09-28 12:57:49,HTML,1,False,False,https://github.com/eHealthAfrica/ehealth-angular,https://api.github.com/repos/eHealthAfrica/ehealth-angular/forks
76,eHealthAfrica/angular-eha.unique,Validate two model values are unique,2015-05-19 11:56:50,2015-05-19 12:13:50,JavaScript,0,False,False,https://github.com/eHealthAfrica/angular-eha.unique,https://api.github.com/repos/eHealthAfrica/angular-eha.unique/forks
77,eHealthAfrica/angular-eha.unique-bower,Bower repo for angular-eha.unique,2015-05-19 12:01:53,2015-05-19 12:14:41,JavaScript,0,False,False,https://github.com/eHealthAfrica/angular-eha.unique-bower,https://api.github.com/repos/eHealthAfrica/angular-eha.unique-bower/forks
78,eHealthAfrica/mnutrition-milestones,A GitHub Api backed Milestone thingy,2015-05-20 10:41:05,2015-09-28 13:11:13,JavaScript,1,False,False,https://github.com/eHealthAfrica/mnutrition-milestones,https://api.github.com/repos/eHealthAfrica/mnutrition-milestones/forks
79,eHealthAfrica/sms-dispatcher,SMS dispatching service,2015-05-25 09:54:50,2015-09-15 08:39:33,,2,False,False,https://github.com/eHealthAfrica/sms-dispatcher,https://api.github.com/repos/eHealthAfrica/sms-dispatcher/forks
80,eHealthAfrica/angular-eha.radio-buttons-bower,Bower repo for angular.eha-radio-buttons,2015-05-27 15:16:14,2015-06-26 11:07:39,JavaScript,0,False,False,https://github.com/eHealthAfrica/angular-eha.radio-buttons-bower,https://api.github.com/repos/eHealthAfrica/angular-eha.radio-buttons-bower/forks
81,eHealthAfrica/merge-docs,Interactively merge CouchDB documents to normalize duplicated data,2015-06-02 10:34:39,2015-07-07 09:09:32,JavaScript,0,False,False,https://github.com/eHealthAfrica/merge-docs,https://api.github.com/repos/eHealthAfrica/merge-docs/forks
82,eHealthAfrica/grunt-tx,Grunt tasks to download translations and upload resources to Transifex,2015-06-09 15:24:37,2016-04-12 20:19:48,JavaScript,2,False,False,https://github.com/eHealthAfrica/grunt-tx,https://api.github.com/repos/eHealthAfrica/grunt-tx/forks
83,eHealthAfrica/complete-all-contacts-migration,Set status of all contacts to 'complete',2015-06-10 08:55:39,2015-06-10 11:06:13,JavaScript,0,False,False,https://github.com/eHealthAfrica/complete-all-contacts-migration,https://api.github.com/repos/eHealthAfrica/complete-all-contacts-migration/forks
84,eHealthAfrica/grunt-eha-cordova-build,Builds Sense Apps via Cordova,2015-06-11 13:30:27,2016-05-23 15:29:23,JavaScript,2,False,False,https://github.com/eHealthAfrica/grunt-eha-cordova-build,https://api.github.com/repos/eHealthAfrica/grunt-eha-cordova-build/forks
85,eHealthAfrica/grunt-angular-gettext-transifex,Grunt tasks to extract translatable strings from Angular apps and upload them to Transifex and download translations and compile them,2015-06-11 15:11:44,2016-04-06 10:13:08,JavaScript,0,False,False,https://github.com/eHealthAfrica/grunt-angular-gettext-transifex,https://api.github.com/repos/eHealthAfrica/grunt-angular-gettext-transifex/forks
86,eHealthAfrica/clean-up-sense-data-migration,Upgrade `age` from plain number to a more descriptive data structure,2015-06-12 08:36:31,2015-06-12 11:59:33,JavaScript,0,False,False,https://github.com/eHealthAfrica/clean-up-sense-data-migration,https://api.github.com/repos/eHealthAfrica/clean-up-sense-data-migration/forks
87,eHealthAfrica/kibana,Kibana,2015-06-12 13:53:40,2017-05-31 01:04:25,JavaScript,3,False,False,https://github.com/eHealthAfrica/kibana,https://api.github.com/repos/eHealthAfrica/kibana/forks
88,eHealthAfrica/node-keytar,Native Password Node Module,2015-06-17 09:30:33,2015-09-28 13:12:24,C++,1,False,False,https://github.com/eHealthAfrica/node-keytar,https://api.github.com/repos/eHealthAfrica/node-keytar/forks
89,eHealthAfrica/angular-eha.cordova.google-analytics,Cordova-backed Google Analytics services,2015-06-19 12:34:33,2015-08-14 14:56:55,JavaScript,1,False,False,https://github.com/eHealthAfrica/angular-eha.cordova.google-analytics,https://api.github.com/repos/eHealthAfrica/angular-eha.cordova.google-analytics/forks
90,eHealthAfrica/angular-eha.cordova.google-analytics-bower,Bower repo for angular-eha.cordova.google-analytics,2015-06-19 13:35:49,2015-08-14 14:58:05,JavaScript,0,False,False,https://github.com/eHealthAfrica/angular-eha.cordova.google-analytics-bower,https://api.github.com/repos/eHealthAfrica/angular-eha.cordova.google-analytics-bower/forks
91,eHealthAfrica/SL-Signal-Mapping,Telecommunications Coverage and Signal Mapping for Sierra Leone,2015-06-23 20:47:04,2015-07-07 00:36:12,CSS,1,False,False,https://github.com/eHealthAfrica/SL-Signal-Mapping,https://api.github.com/repos/eHealthAfrica/SL-Signal-Mapping/forks
92,eHealthAfrica/json-clay,"JSON schema validation, fake data generation and migrations.",2015-06-25 10:08:18,2016-11-10 20:36:27,JavaScript,4,False,False,https://github.com/eHealthAfrica/json-clay,https://api.github.com/repos/eHealthAfrica/json-clay/forks
93,eHealthAfrica/replace-ids-migration,Replace all references to deprecated ids with a current id,2015-07-07 09:03:57,2015-07-08 08:46:44,JavaScript,0,False,False,https://github.com/eHealthAfrica/replace-ids-migration,https://api.github.com/repos/eHealthAfrica/replace-ids-migration/forks
94,eHealthAfrica/trace-and-go-public,Repo for TAG / ETU Connect / Amsel / Family Finder ,2015-07-08 15:07:05,2015-11-20 16:07:42,Python,1,False,False,https://github.com/eHealthAfrica/trace-and-go-public,https://api.github.com/repos/eHealthAfrica/trace-and-go-public/forks
95,eHealthAfrica/angular-eha.only-digits,Angular directive to ensure to only save the digits of an input field,2015-07-10 18:13:03,2015-07-10 18:37:31,JavaScript,0,False,False,https://github.com/eHealthAfrica/angular-eha.only-digits,https://api.github.com/repos/eHealthAfrica/angular-eha.only-digits/forks
96,eHealthAfrica/angular-eha.ebola-exposures,small service which gets a country code and returns the exposures used in that country,2015-07-13 15:25:35,2015-07-14 15:18:52,JavaScript,1,False,False,https://github.com/eHealthAfrica/angular-eha.ebola-exposures,https://api.github.com/repos/eHealthAfrica/angular-eha.ebola-exposures/forks
97,eHealthAfrica/universal-exporter,A configurable library for exporting data to xls and csv (and others),2015-07-15 13:49:02,2015-07-15 16:41:15,JavaScript,0,False,False,https://github.com/eHealthAfrica/universal-exporter,https://api.github.com/repos/eHealthAfrica/universal-exporter/forks
98,eHealthAfrica/eha-couch-migrations,a collection of the code we use for data migrations on Couch databases. hopefully we will extract some pattern out of this,2015-07-23 10:38:33,2015-09-02 11:27:41,JavaScript,1,False,False,https://github.com/eHealthAfrica/eha-couch-migrations,https://api.github.com/repos/eHealthAfrica/eha-couch-migrations/forks
99,eHealthAfrica/positions-on-map-visualizer,Simply a tiny static website to visualize positions we got from the background location service,2015-08-06 15:04:52,2015-09-28 13:14:50,JavaScript,1,False,False,https://github.com/eHealthAfrica/positions-on-map-visualizer,https://api.github.com/repos/eHealthAfrica/positions-on-map-visualizer/forks
100,eHealthAfrica/allocation-sync,Write VDD allocations to Move App configs and Facilities,2015-08-13 12:02:25,2015-10-09 19:40:12,JavaScript,2,False,False,https://github.com/eHealthAfrica/allocation-sync,https://api.github.com/repos/eHealthAfrica/allocation-sync/forks
101,eHealthAfrica/GuineaCallCentre,"The concept is to provide a real-time map that automatically collects,analyses,and graphically displays crowdsource health data.",2015-08-13 22:12:38,2015-08-21 11:18:43,CSS,1,False,False,https://github.com/eHealthAfrica/GuineaCallCentre,https://api.github.com/repos/eHealthAfrica/GuineaCallCentre/forks
102,eHealthAfrica/SierraLeoneCallCentre,"The concept is to provide a real-time map of Sierra Leone that automatically collects,analyses,and graphically displays crowdsource health data.",2015-08-13 22:21:14,2015-08-22 12:44:32,CSS,1,False,False,https://github.com/eHealthAfrica/SierraLeoneCallCentre,https://api.github.com/repos/eHealthAfrica/SierraLeoneCallCentre/forks
103,eHealthAfrica/angular-growl-2,growl-like notifications for angularJS projects,2015-08-17 09:01:32,2015-09-28 12:43:10,JavaScript,1,False,False,https://github.com/eHealthAfrica/angular-growl-2,https://api.github.com/repos/eHealthAfrica/angular-growl-2/forks
104,eHealthAfrica/cli,:cl::round_pushpin: single command setup,2015-08-17 14:59:32,2015-09-28 12:49:43,JavaScript,1,False,False,https://github.com/eHealthAfrica/cli,https://api.github.com/repos/eHealthAfrica/cli/forks
105,eHealthAfrica/Inquirer.js,A collection of common interactive command line user interfaces.,2015-08-18 12:57:21,2015-09-28 13:02:44,JavaScript,1,False,False,https://github.com/eHealthAfrica/Inquirer.js,https://api.github.com/repos/eHealthAfrica/Inquirer.js/forks
106,eHealthAfrica/cartodb_viz_select_distinct,Change map with selector generated from data,2015-08-21 11:48:52,2015-08-21 11:49:39,HTML,1,False,False,https://github.com/eHealthAfrica/cartodb_viz_select_distinct,https://api.github.com/repos/eHealthAfrica/cartodb_viz_select_distinct/forks
107,eHealthAfrica/Cordova-open-date-settings,Plugin for cordova that open native settings view.,2015-08-26 13:25:22,2015-09-28 12:50:14,Java,1,False,False,https://github.com/eHealthAfrica/Cordova-open-date-settings,https://api.github.com/repos/eHealthAfrica/Cordova-open-date-settings/forks
108,eHealthAfrica/htr,Hard To Reach (HTR) project,2015-09-03 23:52:38,2016-01-18 10:59:25,CSS,1,False,False,https://github.com/eHealthAfrica/htr,https://api.github.com/repos/eHealthAfrica/htr/forks
109,eHealthAfrica/grunt-angular-eha-fixtures,Generates a fixture collections map,2015-09-04 11:02:59,2015-09-28 13:01:54,JavaScript,1,False,False,https://github.com/eHealthAfrica/grunt-angular-eha-fixtures,https://api.github.com/repos/eHealthAfrica/grunt-angular-eha-fixtures/forks
110,eHealthAfrica/angular-eha.counter,Counting directive,2015-09-07 15:36:30,2015-09-08 10:50:28,JavaScript,0,False,False,https://github.com/eHealthAfrica/angular-eha.counter,https://api.github.com/repos/eHealthAfrica/angular-eha.counter/forks
111,eHealthAfrica/angular-eha.counter-bower,Bower repo for angular-eha.counter,2015-09-07 15:39:59,2015-09-07 21:17:39,JavaScript,0,False,False,https://github.com/eHealthAfrica/angular-eha.counter-bower,https://api.github.com/repos/eHealthAfrica/angular-eha.counter-bower/forks
112,eHealthAfrica/angular-eha.login-dialog,Login dialog box,2015-09-11 12:29:54,2015-10-10 12:46:59,JavaScript,0,False,False,https://github.com/eHealthAfrica/angular-eha.login-dialog,https://api.github.com/repos/eHealthAfrica/angular-eha.login-dialog/forks
113,eHealthAfrica/angular-eha.login-dialog-bower,Bower repo for angular-eha.login-dialog,2015-09-11 12:31:46,2015-10-10 12:47:46,JavaScript,0,False,False,https://github.com/eHealthAfrica/angular-eha.login-dialog-bower,https://api.github.com/repos/eHealthAfrica/angular-eha.login-dialog-bower/forks
114,eHealthAfrica/ureport,Dashboard module for UReport working against RapidPro data,2015-09-16 19:08:14,2016-05-10 13:25:43,Python,5,False,False,https://github.com/eHealthAfrica/ureport,https://api.github.com/repos/eHealthAfrica/ureport/forks
115,eHealthAfrica/posm,Extract tools for OSM data,2015-09-16 19:09:04,2015-03-29 08:21:31,Python,0,False,False,https://github.com/eHealthAfrica/posm,https://api.github.com/repos/eHealthAfrica/posm/forks
116,eHealthAfrica/rapidpro,RapidPro allows organizations to visually build scalable interactive messaging applications.,2015-09-16 19:09:47,2017-09-26 06:58:25,JavaScript,1,False,False,https://github.com/eHealthAfrica/rapidpro,https://api.github.com/repos/eHealthAfrica/rapidpro/forks
117,eHealthAfrica/mail-listener2,Mail listener library for node.js. Get notification when new email arrived.,2015-09-23 15:48:58,2015-10-01 16:25:28,JavaScript,0,False,False,https://github.com/eHealthAfrica/mail-listener2,https://api.github.com/repos/eHealthAfrica/mail-listener2/forks
118,eHealthAfrica/elastic.js,Fork of a JavaScript implementation of the elasticsearch Query DSL,2015-10-14 08:41:54,2015-10-14 08:49:46,HTML,0,False,False,https://github.com/eHealthAfrica/elastic.js,https://api.github.com/repos/eHealthAfrica/elastic.js/forks
119,eHealthAfrica/spawn-pouchdb-server,Configurable per-app pouchdb-server as a drop-in replacement for CouchDB,2015-10-14 14:41:18,2015-10-14 15:26:51,JavaScript,0,False,False,https://github.com/eHealthAfrica/spawn-pouchdb-server,https://api.github.com/repos/eHealthAfrica/spawn-pouchdb-server/forks
120,eHealthAfrica/mapzen-exporter,MapZen borders admin levels geojson exporter to POSM extracts expected format,2015-10-30 09:58:35,2016-01-21 15:19:11,Python,6,False,False,https://github.com/eHealthAfrica/mapzen-exporter,https://api.github.com/repos/eHealthAfrica/mapzen-exporter/forks
121,eHealthAfrica/hoodie-server-account,Account REST API backed by CouchDB,2015-11-24 19:54:11,2015-11-29 21:29:35,JavaScript,0,False,False,https://github.com/eHealthAfrica/hoodie-server-account,https://api.github.com/repos/eHealthAfrica/hoodie-server-account/forks
122,eHealthAfrica/hoodie-client-account,An all things client API for the browser,2015-11-24 19:55:49,2015-11-30 01:13:43,JavaScript,0,False,False,https://github.com/eHealthAfrica/hoodie-client-account,https://api.github.com/repos/eHealthAfrica/hoodie-client-account/forks
123,eHealthAfrica/dash,Library utilities for building dashboards against RapidPro,2015-11-26 16:44:37,2015-12-15 17:38:38,Python,0,False,False,https://github.com/eHealthAfrica/dash,https://api.github.com/repos/eHealthAfrica/dash/forks
124,eHealthAfrica/account-json-api,REST-API Blueprint for all things user accounts and sesions,2015-11-26 23:12:36,2015-11-27 03:53:07,API Blueprint,0,False,False,https://github.com/eHealthAfrica/account-json-api,https://api.github.com/repos/eHealthAfrica/account-json-api/forks
125,eHealthAfrica/sv-selenium,,2015-12-01 11:45:25,2016-10-10 08:47:51,Shell,0,False,False,https://github.com/eHealthAfrica/sv-selenium,https://api.github.com/repos/eHealthAfrica/sv-selenium/forks
126,eHealthAfrica/couchdb-user-management-app,Web app to manage CouchDB users and database security settings,2015-12-11 16:45:52,2018-08-27 13:08:55,JavaScript,0,False,False,https://github.com/eHealthAfrica/couchdb-user-management-app,https://api.github.com/repos/eHealthAfrica/couchdb-user-management-app/forks
127,eHealthAfrica/couchdb-push,"Deploy CouchDB documents from directory, JSON or CommonJS module.",2015-12-28 13:12:37,2015-12-28 13:27:58,JavaScript,0,False,False,https://github.com/eHealthAfrica/couchdb-push,https://api.github.com/repos/eHealthAfrica/couchdb-push/forks
128,eHealthAfrica/node-imap,An IMAP client module for node.js.,2016-01-01 22:23:20,2015-12-29 18:37:08,JavaScript,0,False,False,https://github.com/eHealthAfrica/node-imap,https://api.github.com/repos/eHealthAfrica/node-imap/forks
129,eHealthAfrica/documentation,Documentation for eHealth Africa,2016-01-04 13:51:18,2016-01-18 16:38:12,HTML,0,False,False,https://github.com/eHealthAfrica/documentation,https://api.github.com/repos/eHealthAfrica/documentation/forks
130,eHealthAfrica/BMGFGrantMap,BMGF Grant Map showing projects across sectors,2016-01-12 13:14:06,2016-02-29 09:31:37,JavaScript,3,False,False,https://github.com/eHealthAfrica/BMGFGrantMap,https://api.github.com/repos/eHealthAfrica/BMGFGrantMap/forks
131,eHealthAfrica/hapi-qs,Bring back qs support for hapi 12,2016-01-14 14:39:50,2016-01-29 09:07:03,JavaScript,0,False,False,https://github.com/eHealthAfrica/hapi-qs,https://api.github.com/repos/eHealthAfrica/hapi-qs/forks
132,eHealthAfrica/flows,Repository for definition and runner for RapidPro flow engine.,2016-02-26 16:53:01,2016-03-08 12:22:12,Java,1,False,False,https://github.com/eHealthAfrica/flows,https://api.github.com/repos/eHealthAfrica/flows/forks
133,eHealthAfrica/qgis-versioning,Version postgresql DB from qgis and work offline on spatialite working copies,2016-04-29 13:05:13,2016-11-08 07:46:57,Python,0,False,False,https://github.com/eHealthAfrica/qgis-versioning,https://api.github.com/repos/eHealthAfrica/qgis-versioning/forks
134,eHealthAfrica/cordova-plugin-local-notifications,Cordova Local-Notification Plugin,2016-06-01 16:37:00,2016-06-02 11:57:19,Java,0,False,False,https://github.com/eHealthAfrica/cordova-plugin-local-notifications,https://api.github.com/repos/eHealthAfrica/cordova-plugin-local-notifications/forks
135,eHealthAfrica/hospitalrun-dockerized,Hospital Run Dockerization,2016-06-22 11:55:03,2016-06-22 12:46:00,,1,False,False,https://github.com/eHealthAfrica/hospitalrun-dockerized,https://api.github.com/repos/eHealthAfrica/hospitalrun-dockerized/forks
136,eHealthAfrica/vectormap,Vector Map Plugin for Kibana 4,2016-07-13 14:13:12,2016-07-19 15:12:07,CSS,0,False,False,https://github.com/eHealthAfrica/vectormap,https://api.github.com/repos/eHealthAfrica/vectormap/forks
137,eHealthAfrica/OpenMapKitServer,OpenMapKit Server is the lightweight server component of OpenMapKit that handles the collection and aggregation of OpenStreetMap and OpenDataKit data.,2016-08-10 10:45:26,2016-08-29 09:07:54,CSS,0,False,False,https://github.com/eHealthAfrica/OpenMapKitServer,https://api.github.com/repos/eHealthAfrica/OpenMapKitServer/forks
138,eHealthAfrica/eHagAcademyAngular,eHAG Academy AngularJS Module,2016-08-11 16:52:55,2016-08-12 08:15:14,HTML,0,False,False,https://github.com/eHealthAfrica/eHagAcademyAngular,https://api.github.com/repos/eHealthAfrica/eHagAcademyAngular/forks
139,eHealthAfrica/angular-eha.ums-auth,Angular authentication module working with the User Management Service,2016-09-21 13:16:05,2017-05-09 12:29:29,JavaScript,0,False,False,https://github.com/eHealthAfrica/angular-eha.ums-auth,https://api.github.com/repos/eHealthAfrica/angular-eha.ums-auth/forks
140,eHealthAfrica/admin-config,Configuration API to describe an administration interface. Used by ng-admin and react-admin.,2016-11-01 13:28:03,2019-03-01 08:13:44,JavaScript,0,False,False,https://github.com/eHealthAfrica/admin-config,https://api.github.com/repos/eHealthAfrica/admin-config/forks
141,eHealthAfrica/ng-admin,Add an AngularJS admin GUI to any RESTful API,2016-11-01 13:30:32,2019-03-01 12:45:21,JavaScript,0,False,False,https://github.com/eHealthAfrica/ng-admin,https://api.github.com/repos/eHealthAfrica/ng-admin/forks
142,eHealthAfrica/django-eav,Entity Attribute Value,2016-11-04 11:37:24,2018-05-04 12:48:48,Python,0,False,False,https://github.com/eHealthAfrica/django-eav,https://api.github.com/repos/eHealthAfrica/django-eav/forks
143,eHealthAfrica/eHealthAcademy,eHealth Academy Website,2016-11-21 12:14:55,2016-11-22 09:12:24,CSS,0,False,False,https://github.com/eHealthAfrica/eHealthAcademy,https://api.github.com/repos/eHealthAfrica/eHealthAcademy/forks
144,eHealthAfrica/pikiosk,Automate Chromium in kiosk mode and Eddystone beacon on Raspberry Pi Raspbian Jessie with Ansible. Use a single command to update the kiosk and Eddystone URLs on all machines.,2017-01-11 16:56:13,2017-01-07 23:12:20,,0,False,False,https://github.com/eHealthAfrica/pikiosk,https://api.github.com/repos/eHealthAfrica/pikiosk/forks
145,eHealthAfrica/hospitalrun-frontend,Ember front end for HospitalRun,2017-01-18 14:59:17,2017-03-31 20:03:08,JavaScript,0,False,False,https://github.com/eHealthAfrica/hospitalrun-frontend,https://api.github.com/repos/eHealthAfrica/hospitalrun-frontend/forks
146,eHealthAfrica/hospitalrun-server,Node backend,2017-01-18 15:00:13,2017-05-16 14:59:13,JavaScript,1,False,False,https://github.com/eHealthAfrica/hospitalrun-server,https://api.github.com/repos/eHealthAfrica/hospitalrun-server/forks
147,eHealthAfrica/hospitalrun-server-routes,Express server routes for HospitalRun,2017-01-18 15:00:50,2017-01-18 03:42:59,JavaScript,0,False,False,https://github.com/eHealthAfrica/hospitalrun-server-routes,https://api.github.com/repos/eHealthAfrica/hospitalrun-server-routes/forks
148,eHealthAfrica/hospitalrun-dblisteners,CouchDB listeners for HospitalRun,2017-01-18 15:02:07,2018-05-02 01:14:59,JavaScript,0,False,False,https://github.com/eHealthAfrica/hospitalrun-dblisteners,https://api.github.com/repos/eHealthAfrica/hospitalrun-dblisteners/forks
149,eHealthAfrica/planning,"A place for core maintainers to plan HospitalRun product strategy, roadmap, etc.",2017-01-23 09:13:30,2017-01-18 12:31:20,,0,False,False,https://github.com/eHealthAfrica/planning,https://api.github.com/repos/eHealthAfrica/planning/forks
150,eHealthAfrica/leaflet-easyPrint,A leaflet plugin which adds an icon to print the map - http://rowanwins.github.io/leaflet-easyPrint/,2017-01-30 13:39:18,2017-01-31 08:05:46,HTML,0,False,False,https://github.com/eHealthAfrica/leaflet-easyPrint,https://api.github.com/repos/eHealthAfrica/leaflet-easyPrint/forks
151,eHealthAfrica/sl-university-problem,An example problem to present to visiting University students in Sierra Leone,2017-03-28 14:05:34,2018-02-04 14:37:15,JavaScript,0,False,False,https://github.com/eHealthAfrica/sl-university-problem,https://api.github.com/repos/eHealthAfrica/sl-university-problem/forks
152,eHealthAfrica/terraform-website-s3-cloudfront-route53,"Terraform scripts to setup an S3 based static website, with a CloudFront distribution and the required Route53 entries.",2017-03-29 15:07:44,2017-03-29 19:47:37,HCL,0,False,False,https://github.com/eHealthAfrica/terraform-website-s3-cloudfront-route53,https://api.github.com/repos/eHealthAfrica/terraform-website-s3-cloudfront-route53/forks
153,eHealthAfrica/terraform-provisioner-ansible,A provisioner for bootstrapping terraform resources with ansible,2017-04-20 12:37:48,2018-01-24 16:45:29,Go,0,False,False,https://github.com/eHealthAfrica/terraform-provisioner-ansible,https://api.github.com/repos/eHealthAfrica/terraform-provisioner-ansible/forks
154,eHealthAfrica/django-rest-framework-docs,Document Web APIs made with Django Rest Framework,2017-05-03 09:19:28,2017-05-04 11:38:25,Python,1,False,False,https://github.com/eHealthAfrica/django-rest-framework-docs,https://api.github.com/repos/eHealthAfrica/django-rest-framework-docs/forks
155,eHealthAfrica/sl-reference-data,R package containing external reference data for analytics,2017-05-05 20:52:22,2017-05-18 15:29:19,R,0,False,False,https://github.com/eHealthAfrica/sl-reference-data,https://api.github.com/repos/eHealthAfrica/sl-reference-data/forks
156,eHealthAfrica/c3,A D3-based reusable chart library,2017-05-12 09:34:21,2017-05-12 10:08:25,JavaScript,0,False,False,https://github.com/eHealthAfrica/c3,https://api.github.com/repos/eHealthAfrica/c3/forks
157,eHealthAfrica/ng-bs-daterangepicker,AngularJS directive for bootstrap-daterangepicker,2017-06-28 08:30:06,2018-05-30 13:31:55,JavaScript,0,False,False,https://github.com/eHealthAfrica/ng-bs-daterangepicker,https://api.github.com/repos/eHealthAfrica/ng-bs-daterangepicker/forks
158,eHealthAfrica/darryncampbell-cordova-plugin-intent,General purpose intent shim layer for cordova appliations on Android.  Handles various techniques for sending and receiving intents.,2017-07-04 13:40:26,2017-07-04 13:41:57,Java,0,False,False,https://github.com/eHealthAfrica/darryncampbell-cordova-plugin-intent,https://api.github.com/repos/eHealthAfrica/darryncampbell-cordova-plugin-intent/forks
159,eHealthAfrica/react-ums-app,A standalone UMS module (built with React and Node) for managing users on different systems.,2017-08-16 01:06:10,2017-08-29 05:50:07,JavaScript,0,False,False,https://github.com/eHealthAfrica/react-ums-app,https://api.github.com/repos/eHealthAfrica/react-ums-app/forks
160,eHealthAfrica/ckanext-oauth2,OAuth2 support for CKAN,2017-09-25 10:25:46,2018-05-24 08:56:10,Python,0,False,False,https://github.com/eHealthAfrica/ckanext-oauth2,https://api.github.com/repos/eHealthAfrica/ckanext-oauth2/forks
161,eHealthAfrica/aws-es-proxy,"aws-es-proxy is a small web server application sitting between your HTTP client (browser, curl, etc...) and Amazon Elasticsearch service.",2017-10-02 09:34:54,2017-08-10 17:01:44,Go,0,False,False,https://github.com/eHealthAfrica/aws-es-proxy,https://api.github.com/repos/eHealthAfrica/aws-es-proxy/forks
162,eHealthAfrica/aether,"A platform for data curation, exchange, and publication",2017-11-13 08:59:49,2021-05-25 16:21:27,Python,3,False,False,https://github.com/eHealthAfrica/aether,https://api.github.com/repos/eHealthAfrica/aether/forks
163,eHealthAfrica/lomis-user-authorized,,2017-11-16 08:12:05,2017-11-16 10:07:02,JavaScript,0,False,False,https://github.com/eHealthAfrica/lomis-user-authorized,https://api.github.com/repos/eHealthAfrica/lomis-user-authorized/forks
164,eHealthAfrica/ckanext-validation,Data validation and description with Frictionless Data tools.,2017-11-29 09:28:02,2018-02-16 13:18:51,Python,1,False,False,https://github.com/eHealthAfrica/ckanext-validation,https://api.github.com/repos/eHealthAfrica/ckanext-validation/forks
165,eHealthAfrica/devops-technical-test,DevOps technical test ,2017-12-07 16:33:51,2017-12-07 17:18:57,Python,2,False,False,https://github.com/eHealthAfrica/devops-technical-test,https://api.github.com/repos/eHealthAfrica/devops-technical-test/forks
166,eHealthAfrica/dhis2-sms-comp,A java library used to compress SMS submissions sent to DHIS2,2017-12-08 16:45:05,2020-10-14 06:40:15,Java,2,False,False,https://github.com/eHealthAfrica/dhis2-sms-comp,https://api.github.com/repos/eHealthAfrica/dhis2-sms-comp/forks
167,eHealthAfrica/ckanext-requestdata,CKAN extension for requesting new data,2018-01-09 10:23:59,2019-02-26 12:46:31,Python,1,False,False,https://github.com/eHealthAfrica/ckanext-requestdata,https://api.github.com/repos/eHealthAfrica/ckanext-requestdata/forks
168,eHealthAfrica/react-native-sticky-header-footer-scroll-view,"Takes any component, makes it scrollable and add your sticky header/footer.",2018-01-10 11:39:42,2018-01-10 12:03:45,JavaScript,0,False,False,https://github.com/eHealthAfrica/react-native-sticky-header-footer-scroll-view,https://api.github.com/repos/eHealthAfrica/react-native-sticky-header-footer-scroll-view/forks
169,eHealthAfrica/react-native-google-analytics-bridge,React Native bridge to the Google Analytics libraries on both iOS and Android.,2018-02-01 11:22:37,2018-01-30 11:50:54,Objective-C,0,False,False,https://github.com/eHealthAfrica/react-native-google-analytics-bridge,https://api.github.com/repos/eHealthAfrica/react-native-google-analytics-bridge/forks
170,eHealthAfrica/aether-ckan-consumer,Aether CKAN Kafka Consumer,2018-03-22 10:36:56,2021-04-20 20:50:09,Python,0,False,False,https://github.com/eHealthAfrica/aether-ckan-consumer,https://api.github.com/repos/eHealthAfrica/aether-ckan-consumer/forks
171,eHealthAfrica/move-fixes,,2018-03-27 12:48:21,2018-07-17 08:58:23,JavaScript,0,False,False,https://github.com/eHealthAfrica/move-fixes,https://api.github.com/repos/eHealthAfrica/move-fixes/forks
172,eHealthAfrica/GIS-Dev-Intern-Test,Collection of tests and instructions for prospective GIS developer interns,2018-04-11 16:15:54,2019-10-22 14:01:14,JavaScript,10,False,False,https://github.com/eHealthAfrica/GIS-Dev-Intern-Test,https://api.github.com/repos/eHealthAfrica/GIS-Dev-Intern-Test/forks
173,eHealthAfrica/footballDemoApp,A simple football webapp to demonstrate software development to students,2018-05-11 17:24:09,2018-06-29 15:44:44,,0,False,False,https://github.com/eHealthAfrica/footballDemoApp,https://api.github.com/repos/eHealthAfrica/footballDemoApp/forks
174,eHealthAfrica/ckanext-datarequests,A plugin that allows users to request data that is not published yet,2018-05-22 15:06:19,2018-05-23 09:58:10,Python,0,False,False,https://github.com/eHealthAfrica/ckanext-datarequests,https://api.github.com/repos/eHealthAfrica/ckanext-datarequests/forks
175,eHealthAfrica/gather,"A data collection solution, built on the Aether framework",2018-05-30 11:38:30,2021-04-15 12:03:08,JavaScript,2,False,False,https://github.com/eHealthAfrica/gather,https://api.github.com/repos/eHealthAfrica/gather/forks
176,eHealthAfrica/aether-consumer-sdk,Python SDK for building Aether Consumers,2018-06-29 09:42:05,2021-02-12 15:48:35,Python,1,False,False,https://github.com/eHealthAfrica/aether-consumer-sdk,https://api.github.com/repos/eHealthAfrica/aether-consumer-sdk/forks
177,eHealthAfrica/aether-bootstrap,A bootstrap for building solutions with Aether,2018-06-29 10:13:31,2021-02-15 13:12:07,Shell,5,False,False,https://github.com/eHealthAfrica/aether-bootstrap,https://api.github.com/repos/eHealthAfrica/aether-bootstrap/forks
178,eHealthAfrica/aether-consumer-quickstart,An Example Aether Consumer and infrastructure for building and testing new consumers.,2018-07-02 10:25:19,2019-02-19 12:13:45,Python,0,False,False,https://github.com/eHealthAfrica/aether-consumer-quickstart,https://api.github.com/repos/eHealthAfrica/aether-consumer-quickstart/forks
179,eHealthAfrica/catchment-area,Generate catchment areas for given sources from destinations,2018-07-04 14:39:52,2018-07-09 10:08:00,JavaScript,0,False,False,https://github.com/eHealthAfrica/catchment-area,https://api.github.com/repos/eHealthAfrica/catchment-area/forks
180,eHealthAfrica/unmc-enroll-fingerprint,,2018-07-04 23:16:03,2018-10-25 15:04:55,Java,0,False,False,https://github.com/eHealthAfrica/unmc-enroll-fingerprint,https://api.github.com/repos/eHealthAfrica/unmc-enroll-fingerprint/forks
181,eHealthAfrica/gather-deploy,"Docker and Helm files for Gather, to enable easy installation and deployment",2018-07-10 15:22:48,2020-04-28 11:35:34,Shell,2,False,False,https://github.com/eHealthAfrica/gather-deploy,https://api.github.com/repos/eHealthAfrica/gather-deploy/forks
182,eHealthAfrica/maintainer-quality-tools,QA tools for Odoo maintainers,2018-07-11 14:44:23,2019-01-25 16:39:58,Python,0,False,False,https://github.com/eHealthAfrica/maintainer-quality-tools,https://api.github.com/repos/eHealthAfrica/maintainer-quality-tools/forks
183,eHealthAfrica/aether-elasticsearch-consumer,Aether Elasticsearch Kafka Consumer,2018-07-11 15:44:48,2021-04-06 17:58:44,Python,1,False,False,https://github.com/eHealthAfrica/aether-elasticsearch-consumer,https://api.github.com/repos/eHealthAfrica/aether-elasticsearch-consumer/forks
184,eHealthAfrica/rdmalaria-sync,A simple script which syncs data from Gather to an Elastic Search instance,2018-07-18 08:59:54,2020-09-11 02:17:08,JavaScript,0,False,False,https://github.com/eHealthAfrica/rdmalaria-sync,https://api.github.com/repos/eHealthAfrica/rdmalaria-sync/forks
185,eHealthAfrica/Software-Dev-Intern-Test,,2018-07-23 16:18:30,2020-01-30 16:49:20,JavaScript,6,False,False,https://github.com/eHealthAfrica/Software-Dev-Intern-Test,https://api.github.com/repos/eHealthAfrica/Software-Dev-Intern-Test/forks
186,eHealthAfrica/helm-charts,Helm charts for eHealth Africa,2018-07-24 15:20:19,2020-12-11 15:51:58,HTML,0,False,False,https://github.com/eHealthAfrica/helm-charts,https://api.github.com/repos/eHealthAfrica/helm-charts/forks
187,eHealthAfrica/node-rapidpro-sms-to-ussd,,2018-07-30 15:12:22,2018-10-30 03:34:15,JavaScript,0,False,False,https://github.com/eHealthAfrica/node-rapidpro-sms-to-ussd,https://api.github.com/repos/eHealthAfrica/node-rapidpro-sms-to-ussd/forks
188,eHealthAfrica/hearth,"Hearth, a home for FHIR. A fast FHIR-compliant server.",2018-08-03 11:20:55,2018-07-24 10:09:00,JavaScript,0,False,False,https://github.com/eHealthAfrica/hearth,https://api.github.com/repos/eHealthAfrica/hearth/forks
189,eHealthAfrica/aws-alb-ingress-controller,AWS ALB Ingress Controller for Kubernetes,2018-09-06 12:53:37,2018-09-06 13:00:09,Go,1,False,False,https://github.com/eHealthAfrica/aws-alb-ingress-controller,https://api.github.com/repos/eHealthAfrica/aws-alb-ingress-controller/forks
190,eHealthAfrica/facility-recon,Facility Reconciliation Tool,2018-10-01 15:25:40,2018-10-01 15:37:03,JavaScript,0,False,False,https://github.com/eHealthAfrica/facility-recon,https://api.github.com/repos/eHealthAfrica/facility-recon/forks
191,eHealthAfrica/pending-pr-generator,,2018-10-19 15:14:52,2018-12-07 12:28:35,JavaScript,0,False,False,https://github.com/eHealthAfrica/pending-pr-generator,https://api.github.com/repos/eHealthAfrica/pending-pr-generator/forks
192,eHealthAfrica/grid-hackathon,Repository for information about and results from the GRID3 Hackathon held in collaboration with CoLab,2018-10-29 09:57:34,2018-11-27 13:31:22,JavaScript,3,False,False,https://github.com/eHealthAfrica/grid-hackathon,https://api.github.com/repos/eHealthAfrica/grid-hackathon/forks
193,eHealthAfrica/aether-deployment-test,A NodeJS script to test whether an Aether deployment is operational,2018-11-05 16:04:48,2021-05-07 21:40:31,JavaScript,0,False,False,https://github.com/eHealthAfrica/aether-deployment-test,https://api.github.com/repos/eHealthAfrica/aether-deployment-test/forks
194,eHealthAfrica/gdb-sync,Partially automates the process for syncing new data from Kano GDB to Kaduna database and vice versa,2018-11-15 11:11:25,2018-12-11 17:16:25,Python,0,False,False,https://github.com/eHealthAfrica/gdb-sync,https://api.github.com/repos/eHealthAfrica/gdb-sync/forks
195,eHealthAfrica/aether-firebase-cloud-triggers,Collection of Firebase Cloud Triggers for Aether integration,2018-11-16 13:20:40,2021-01-22 09:35:43,Python,1,False,False,https://github.com/eHealthAfrica/aether-firebase-cloud-triggers,https://api.github.com/repos/eHealthAfrica/aether-firebase-cloud-triggers/forks
196,eHealthAfrica/aether-firebase-consumer,An Aether consumer to consumer data from Firebase Realtime Database and Cloud Firestore,2018-11-17 12:59:21,2021-04-30 20:38:26,Python,1,False,False,https://github.com/eHealthAfrica/aether-firebase-consumer,https://api.github.com/repos/eHealthAfrica/aether-firebase-consumer/forks
197,eHealthAfrica/Folderstructure,,2018-12-09 16:08:46,2018-12-09 16:08:47,,0,False,False,https://github.com/eHealthAfrica/Folderstructure,https://api.github.com/repos/eHealthAfrica/Folderstructure/forks
198,eHealthAfrica/aether-rest-consumer,An Aether consumer that publishes to REST endpoints,2018-12-18 12:56:46,2021-04-20 17:45:02,Python,0,False,False,https://github.com/eHealthAfrica/aether-rest-consumer,https://api.github.com/repos/eHealthAfrica/aether-rest-consumer/forks
199,eHealthAfrica/aether-infrastructure-provisioning,Terraform and associated files for provisioning a Kubernetes cluster for a Aether based deployment,2019-01-22 10:52:31,2019-04-16 12:07:24,,2,False,False,https://github.com/eHealthAfrica/aether-infrastructure-provisioning,https://api.github.com/repos/eHealthAfrica/aether-infrastructure-provisioning/forks
200,eHealthAfrica/scheduled-rest-proxy,A utility to periodically hit a REST endpoint and proxy the data to a different place.,2019-01-22 15:28:28,2019-09-11 10:01:23,JavaScript,0,False,False,https://github.com/eHealthAfrica/scheduled-rest-proxy,https://api.github.com/repos/eHealthAfrica/scheduled-rest-proxy/forks
201,eHealthAfrica/dhis2-sms-compression,A Java library which is used to compress DHIS2 SMS submissions,2019-01-25 11:21:14,2019-07-23 16:15:47,Java,1,False,False,https://github.com/eHealthAfrica/dhis2-sms-compression,https://api.github.com/repos/eHealthAfrica/dhis2-sms-compression/forks
202,eHealthAfrica/redash,"Make Your Company Data Driven. Connect to any data source, easily visualize, dashboard and share your data.",2019-01-25 12:45:23,2019-01-25 12:28:00,Python,1,False,False,https://github.com/eHealthAfrica/redash,https://api.github.com/repos/eHealthAfrica/redash/forks
203,eHealthAfrica/dhis2-core,DHIS 2 Core. Written in Java. Contains the service layer and Web API.,2019-02-12 15:02:27,2020-01-02 23:14:28,Java,0,False,False,https://github.com/eHealthAfrica/dhis2-core,https://api.github.com/repos/eHealthAfrica/dhis2-core/forks
204,eHealthAfrica/ckanext-hierarchy,Organization hierarchy - CKAN extension,2019-02-25 13:52:32,2019-02-26 10:07:42,Python,0,False,False,https://github.com/eHealthAfrica/ckanext-hierarchy,https://api.github.com/repos/eHealthAfrica/ckanext-hierarchy/forks
205,eHealthAfrica/ckanext-geoview,CKAN Geospatial ResourceView,2019-02-25 14:42:36,2019-02-06 14:42:52,JavaScript,0,False,False,https://github.com/eHealthAfrica/ckanext-geoview,https://api.github.com/repos/eHealthAfrica/ckanext-geoview/forks
206,eHealthAfrica/geoserver-1,Official GeoServer repository,2019-02-26 17:15:41,2019-02-25 09:07:04,Java,0,False,True,https://github.com/eHealthAfrica/geoserver-1,https://api.github.com/repos/eHealthAfrica/geoserver-1/forks
207,eHealthAfrica/docker-ckan,CKAN docker image,2019-03-07 14:29:24,2021-04-07 13:07:45,Python,0,False,False,https://github.com/eHealthAfrica/docker-ckan,https://api.github.com/repos/eHealthAfrica/docker-ckan/forks
208,eHealthAfrica/docker-ckan-datapusher,CKAN datapusher docker image,2019-03-07 14:32:30,2019-03-08 14:41:22,Dockerfile,0,False,False,https://github.com/eHealthAfrica/docker-ckan-datapusher,https://api.github.com/repos/eHealthAfrica/docker-ckan-datapusher/forks
209,eHealthAfrica/ckanext-odata,,2019-03-08 12:50:26,2019-02-25 12:29:42,Python,0,False,False,https://github.com/eHealthAfrica/ckanext-odata,https://api.github.com/repos/eHealthAfrica/ckanext-odata/forks
210,eHealthAfrica/kong-oidc-auth,OpenID Connect authentication with Kong gateway,2019-03-25 15:18:22,2021-01-08 15:03:46,Lua,1,False,False,https://github.com/eHealthAfrica/kong-oidc-auth,https://api.github.com/repos/eHealthAfrica/kong-oidc-auth/forks
211,eHealthAfrica/api-layer-demo,Demonstration / playground of API layer using Keycloak and Kong,2019-03-27 16:18:20,2019-04-16 15:36:06,Shell,1,False,False,https://github.com/eHealthAfrica/api-layer-demo,https://api.github.com/repos/eHealthAfrica/api-layer-demo/forks
212,eHealthAfrica/javarosa,"The core library that many of the ODK tools are built around. It's written in Java, implements the ODK XForms spec, and runs on mobile devices and cloud servers. ",2019-04-09 08:35:28,2019-09-25 15:36:51,Java,0,False,False,https://github.com/eHealthAfrica/javarosa,https://api.github.com/repos/eHealthAfrica/javarosa/forks
213,eHealthAfrica/collect,ODK Collect is an Android app for filling out forms. It's been used to collect billions of data points in challenging environments around the world. Contribute and make the world a better place! ,2019-04-09 09:46:31,2019-11-26 08:46:34,Java,0,False,False,https://github.com/eHealthAfrica/collect,https://api.github.com/repos/eHealthAfrica/collect/forks
214,eHealthAfrica/gateway-manager,Infrastructure management for (Keycloak + Kong) gateway deployments,2019-04-16 15:28:14,2021-02-15 08:33:44,Python,3,False,False,https://github.com/eHealthAfrica/gateway-manager,https://api.github.com/repos/eHealthAfrica/gateway-manager/forks
215,eHealthAfrica/aether-django-sdk-library,A python library with helpful django tools for Aether,2019-04-24 08:14:17,2021-03-22 12:40:14,Python,0,False,False,https://github.com/eHealthAfrica/aether-django-sdk-library,https://api.github.com/repos/eHealthAfrica/aether-django-sdk-library/forks
216,eHealthAfrica/kxml2,Small XmlPull compatible parser,2019-05-09 15:30:17,2019-05-22 13:00:53,Java,0,False,False,https://github.com/eHealthAfrica/kxml2,https://api.github.com/repos/eHealthAfrica/kxml2/forks
217,eHealthAfrica/jsonpath-extensions,Extensions to the jsonpath_ng python library to provide commonly requested functions.,2019-05-12 15:00:03,2020-09-16 13:40:09,Python,1,False,False,https://github.com/eHealthAfrica/jsonpath-extensions,https://api.github.com/repos/eHealthAfrica/jsonpath-extensions/forks
218,eHealthAfrica/express-gateway-keycloak,Keycloak plugin for express gateway.,2019-06-15 21:28:59,2019-07-01 23:55:05,JavaScript,2,False,False,https://github.com/eHealthAfrica/express-gateway-keycloak,https://api.github.com/repos/eHealthAfrica/express-gateway-keycloak/forks
219,eHealthAfrica/moodle-1,Moodle - the world's open source learning platform,2019-07-22 13:47:40,2019-07-21 11:05:39,PHP,0,False,False,https://github.com/eHealthAfrica/moodle-1,https://api.github.com/repos/eHealthAfrica/moodle-1/forks
220,eHealthAfrica/moodlemobile2,The Moodle Mobile app version 2.x,2019-07-31 17:22:41,2019-09-10 09:01:01,TypeScript,0,False,False,https://github.com/eHealthAfrica/moodlemobile2,https://api.github.com/repos/eHealthAfrica/moodlemobile2/forks
221,eHealthAfrica/react-native-push-notification,React Native Local and Remote Notifications,2019-08-01 09:49:53,2019-08-01 12:29:01,Java,0,False,False,https://github.com/eHealthAfrica/react-native-push-notification,https://api.github.com/repos/eHealthAfrica/react-native-push-notification/forks
222,eHealthAfrica/aether-python-library,This is the official Python Library with Aether functions.,2019-08-28 08:59:10,2021-01-07 15:28:06,Python,0,False,False,https://github.com/eHealthAfrica/aether-python-library,https://api.github.com/repos/eHealthAfrica/aether-python-library/forks
223,eHealthAfrica/clinics-framework-todo-poc-react-native,,2020-01-02 08:48:40,2021-05-11 09:59:41,JavaScript,0,False,False,https://github.com/eHealthAfrica/clinics-framework-todo-poc-react-native,https://api.github.com/repos/eHealthAfrica/clinics-framework-todo-poc-react-native/forks
224,eHealthAfrica/clinics-framework-todo-poc-flutter,,2020-01-02 08:49:23,2020-01-02 09:49:54,Dart,0,False,False,https://github.com/eHealthAfrica/clinics-framework-todo-poc-flutter,https://api.github.com/repos/eHealthAfrica/clinics-framework-todo-poc-flutter/forks
225,eHealthAfrica/ardb,Resource for building ARDB into the docker image ehealthafrica/ardb,2020-01-08 11:55:49,2020-01-09 14:27:20,Shell,0,False,False,https://github.com/eHealthAfrica/ardb,https://api.github.com/repos/eHealthAfrica/ardb/forks
226,eHealthAfrica/nigeria-data-r-studio,An open source R package for Nigeria Spatial and Non-spatial data,2020-01-17 13:43:26,2020-01-13 13:06:46,,0,False,False,https://github.com/eHealthAfrica/nigeria-data-r-studio,https://api.github.com/repos/eHealthAfrica/nigeria-data-r-studio/forks
227,eHealthAfrica/ELK_GDB_Pipeline,Elasticsearch data pipeline connecting to the GDB to provide indexes,2020-01-23 09:29:26,2020-02-25 09:22:23,TSQL,0,False,False,https://github.com/eHealthAfrica/ELK_GDB_Pipeline,https://api.github.com/repos/eHealthAfrica/ELK_GDB_Pipeline/forks
228,eHealthAfrica/firebase-emulator,Docker build process for containerized Google Firebase Emulator,2020-01-30 10:58:55,2020-08-27 09:35:39,Shell,6,False,False,https://github.com/eHealthAfrica/firebase-emulator,https://api.github.com/repos/eHealthAfrica/firebase-emulator/forks
229,eHealthAfrica/academychallenges,,2020-02-28 13:37:38,2020-08-10 08:05:48,HTML,20,False,False,https://github.com/eHealthAfrica/academychallenges,https://api.github.com/repos/eHealthAfrica/academychallenges/forks
230,eHealthAfrica/concourse-helm-resource,Deploy to kubernetes helm from your concourse.ci.,2020-03-03 09:42:00,2020-03-04 09:29:27,,0,False,False,https://github.com/eHealthAfrica/concourse-helm-resource,https://api.github.com/repos/eHealthAfrica/concourse-helm-resource/forks
231,eHealthAfrica/concourse-helm3-resource,Concourse resource to deploy Helm v3 charts.,2020-03-04 09:31:46,2021-01-10 22:04:53,,0,False,False,https://github.com/eHealthAfrica/concourse-helm3-resource,https://api.github.com/repos/eHealthAfrica/concourse-helm3-resource/forks
232,eHealthAfrica/academy_intro_js,,2020-03-14 10:50:15,2020-03-16 08:49:39,JavaScript,2,False,False,https://github.com/eHealthAfrica/academy_intro_js,https://api.github.com/repos/eHealthAfrica/academy_intro_js/forks
233,eHealthAfrica/aether-stream-consumer,Aether Consumer that performs operations based on streaming input.,2020-04-02 13:16:47,2021-04-20 19:55:02,Python,0,False,False,https://github.com/eHealthAfrica/aether-stream-consumer,https://api.github.com/repos/eHealthAfrica/aether-stream-consumer/forks
234,eHealthAfrica/zeebe_tester,Tools For Developing Zeebe Workflows and Workers using the Stream Consumer.,2020-04-28 15:04:28,2020-05-28 09:17:16,Python,0,False,False,https://github.com/eHealthAfrica/zeebe_tester,https://api.github.com/repos/eHealthAfrica/zeebe_tester/forks
235,eHealthAfrica/senaite.docker,SENAITE Docker Container,2020-04-29 20:25:43,2020-05-15 10:12:51,Python,0,False,False,https://github.com/eHealthAfrica/senaite.docker,https://api.github.com/repos/eHealthAfrica/senaite.docker/forks
236,eHealthAfrica/plone.docker,plone on docker,2020-05-04 11:57:32,2020-05-04 11:59:05,Python,0,False,False,https://github.com/eHealthAfrica/plone.docker,https://api.github.com/repos/eHealthAfrica/plone.docker/forks
237,eHealthAfrica/ncdc-cloud-functions,,2020-05-19 13:20:51,2020-10-22 09:10:25,Python,0,False,False,https://github.com/eHealthAfrica/ncdc-cloud-functions,https://api.github.com/repos/eHealthAfrica/ncdc-cloud-functions/forks
238,eHealthAfrica/ckanext-biskit,,2020-05-19 16:58:49,2021-04-21 11:57:39,CSS,0,False,False,https://github.com/eHealthAfrica/ckanext-biskit,https://api.github.com/repos/eHealthAfrica/ckanext-biskit/forks
239,eHealthAfrica/biskit-docker-setup,Docker setup for BISKIT Data Portal,2020-05-19 17:00:11,2021-04-26 08:19:23,Shell,0,False,False,https://github.com/eHealthAfrica/biskit-docker-setup,https://api.github.com/repos/eHealthAfrica/biskit-docker-setup/forks
240,eHealthAfrica/lomissuitebackend,LoMIS Suite Backend,2020-06-01 06:42:32,2020-06-02 08:38:38,Python,0,False,False,https://github.com/eHealthAfrica/lomissuitebackend,https://api.github.com/repos/eHealthAfrica/lomissuitebackend/forks
241,eHealthAfrica/avro-python-generator,Small QuickJS wrapper around avsc JS library,2020-06-16 12:05:25,2020-06-16 12:06:35,JavaScript,0,False,False,https://github.com/eHealthAfrica/avro-python-generator,https://api.github.com/repos/eHealthAfrica/avro-python-generator/forks
242,eHealthAfrica/ncdc-nrl,Data Request System with integrated approval workflows,2020-06-19 10:41:40,2020-09-22 05:56:22,Shell,0,False,False,https://github.com/eHealthAfrica/ncdc-nrl,https://api.github.com/repos/eHealthAfrica/ncdc-nrl/forks
243,eHealthAfrica/flutter-plugings,Plugins for Flutter maintained by the Flutter team,2020-06-29 11:32:59,2020-06-28 16:12:54,,0,False,False,https://github.com/eHealthAfrica/flutter-plugings,https://api.github.com/repos/eHealthAfrica/flutter-plugings/forks
244,eHealthAfrica/flutter_rave,Rave by Flutterwave,2020-08-05 07:43:26,2020-08-12 08:24:31,Dart,0,False,False,https://github.com/eHealthAfrica/flutter_rave,https://api.github.com/repos/eHealthAfrica/flutter_rave/forks
245,eHealthAfrica/circleci-demo-macos,Hello world demo using CircleCI macOS executor,2020-08-05 11:54:02,2020-08-07 07:26:13,Swift,0,False,False,https://github.com/eHealthAfrica/circleci-demo-macos,https://api.github.com/repos/eHealthAfrica/circleci-demo-macos/forks
246,eHealthAfrica/logiak-cloud-function-api,Cloud Functions for HTTP access to a Logiak Project,2020-08-25 16:44:39,2021-05-20 10:55:35,Python,1,False,False,https://github.com/eHealthAfrica/logiak-cloud-function-api,https://api.github.com/repos/eHealthAfrica/logiak-cloud-function-api/forks
247,eHealthAfrica/aether-webhook-receiver,FaaS request transformation to allow Aether to catch webhook responses as Entity or Submission,2020-10-21 12:30:50,2020-10-21 12:30:53,,0,False,False,https://github.com/eHealthAfrica/aether-webhook-receiver,https://api.github.com/repos/eHealthAfrica/aether-webhook-receiver/forks
248,eHealthAfrica/tanzania-hti,,2020-11-26 14:56:10,2021-05-04 05:23:21,Shell,0,False,False,https://github.com/eHealthAfrica/tanzania-hti,https://api.github.com/repos/eHealthAfrica/tanzania-hti/forks
249,eHealthAfrica/aether-cloud-spanner-consumer,,2020-12-22 10:22:14,2021-01-28 10:23:24,Python,1,False,False,https://github.com/eHealthAfrica/aether-cloud-spanner-consumer,https://api.github.com/repos/eHealthAfrica/aether-cloud-spanner-consumer/forks
250,eHealthAfrica/eha-mapbox-sprites,,2021-02-11 08:53:30,2021-04-08 15:11:11,JavaScript,0,False,False,https://github.com/eHealthAfrica/eha-mapbox-sprites,https://api.github.com/repos/eHealthAfrica/eha-mapbox-sprites/forks
251,eHealthAfrica/SORMAS-Docker,,2021-04-12 07:26:25,2021-04-09 14:06:09,,0,False,False,https://github.com/eHealthAfrica/SORMAS-Docker,https://api.github.com/repos/eHealthAfrica/SORMAS-Docker/forks
252,eHealthAfrica/SORMAS-Project,"SORMAS (Surveillance, Outbreak Response Management and Analysis System) is an early warning and management system to fight the spread of infectious diseases.",2021-04-28 07:12:37,2021-04-28 09:41:31,,0,False,False,https://github.com/eHealthAfrica/SORMAS-Project,https://api.github.com/repos/eHealthAfrica/SORMAS-Project/forks
253,eHealthAfrica/SORMAS-Stats,SORMAS-Stats contains functions to analyze and visualize surveillance data collected by SORMAS.,2021-04-29 14:13:38,2021-04-29 14:14:02,,0,False,False,https://github.com/eHealthAfrica/SORMAS-Stats,https://api.github.com/repos/eHealthAfrica/SORMAS-Stats/forks
254,eHealthAfrica/SORMAS-data-generator,SORMAS-data-generator,2021-05-06 12:34:34,2021-05-15 09:20:43,Python,0,False,False,https://github.com/eHealthAfrica/SORMAS-data-generator,https://api.github.com/repos/eHealthAfrica/SORMAS-data-generator/forks
